{"cameraMode":{"drawMode":0,"name":"Shaded","section":"Shading Mode"},"sceneLighting":true,"audioPlay":false,"sceneViewState":{"showFog":true,"showMaterialUpdate":false,"showSkybox":true,"showFlares":true,"showImageEffects":true,"showParticleSystems":true},"in2DMode":false,"pivot":{"x":-22.96381378173828,"y":11.364673614501954,"z":-3.1283493041992189},"rotation":{"x":-0.10079941153526306,"y":-0.8982788920402527,"z":0.2802318334579468,"w":-0.3231170177459717},"size":111.16114044189453,"orthographic":false}