{"cameraMode":{"drawMode":0,"name":"Shaded","section":"Shading Mode"},"sceneLighting":true,"audioPlay":false,"sceneViewState":{"showFog":true,"showMaterialUpdate":false,"showSkybox":true,"showFlares":true,"showImageEffects":true,"showParticleSystems":true},"in2DMode":false,"pivot":{"x":-35.77068328857422,"y":-15.724838256835938,"z":-29.96599578857422},"rotation":{"x":-0.30124345421791079,"y":0.004292553290724754,"z":-0.001351653249002993,"w":-0.9535366892814636},"size":145.33140563964845,"orthographic":false}