{"cameraMode":{"drawMode":0,"name":"Shaded","section":"Shading Mode"},"sceneLighting":true,"audioPlay":false,"sceneViewState":{"showFog":true,"showMaterialUpdate":false,"showSkybox":true,"showFlares":true,"showImageEffects":true,"showParticleSystems":true},"in2DMode":false,"pivot":{"x":-2.9346909523010256,"y":3.411982536315918,"z":15.152578353881836},"rotation":{"x":-0.4462609887123108,"y":-0.40427321195602419,"z":0.2365991771221161,"w":-0.7625190019607544},"size":35.63646697998047,"orthographic":false}