{"cameraMode":{"drawMode":0,"name":"Shaded","section":"Shading Mode"},"sceneLighting":true,"audioPlay":false,"sceneViewState":{"showFog":true,"showMaterialUpdate":false,"showSkybox":true,"showFlares":true,"showImageEffects":true,"showParticleSystems":true},"in2DMode":false,"pivot":{"x":-33.8076286315918,"y":45.738311767578128,"z":6.395245552062988},"rotation":{"x":0.29946368932724,"y":0.572846531867981,"z":-0.23647667467594148,"w":0.7254289984703064},"size":14.540264129638672,"orthographic":false}