{"cameraMode":{"drawMode":0,"name":"Shaded","section":"Shading Mode"},"sceneLighting":true,"audioPlay":false,"sceneViewState":{"showFog":true,"showMaterialUpdate":false,"showSkybox":true,"showFlares":true,"showImageEffects":true,"showParticleSystems":true},"in2DMode":false,"pivot":{"x":-1.9733352661132813,"y":52.27239990234375,"z":-23.602567672729493},"rotation":{"x":0.273987740278244,"y":0.40501779317855837,"z":-0.12862305343151093,"w":0.8627557158470154},"size":47.400394439697269,"orthographic":false}