{"cameraMode":{"drawMode":0,"name":"Shaded","section":"Shading Mode"},"sceneLighting":true,"audioPlay":false,"sceneViewState":{"showFog":true,"showMaterialUpdate":false,"showSkybox":true,"showFlares":true,"showImageEffects":true,"showParticleSystems":true},"in2DMode":false,"pivot":{"x":-8.447016716003418,"y":9.222841262817383,"z":36.885841369628909},"rotation":{"x":0.397271066904068,"y":0.2695291340351105,"z":-0.12328599393367768,"w":0.8685219287872315},"size":17.852149963378908,"orthographic":false}