{"cameraMode":{"drawMode":0,"name":"Shaded","section":"Shading Mode"},"sceneLighting":true,"audioPlay":false,"sceneViewState":{"showFog":true,"showMaterialUpdate":false,"showSkybox":true,"showFlares":true,"showImageEffects":true,"showParticleSystems":true},"in2DMode":false,"pivot":{"x":45.880104064941409,"y":-41.422210693359378,"z":49.91999816894531},"rotation":{"x":-0.21572135388851167,"y":-0.7783855199813843,"z":0.46753793954849245,"w":-0.35914960503578188},"size":48.082298278808597,"orthographic":false}