{"cameraMode":{"drawMode":0,"name":"Shaded","section":"Shading Mode"},"sceneLighting":true,"audioPlay":false,"sceneViewState":{"showFog":true,"showMaterialUpdate":false,"showSkybox":true,"showFlares":true,"showImageEffects":true,"showParticleSystems":true},"in2DMode":false,"pivot":{"x":-22.818880081176759,"y":13.220195770263672,"z":-43.03112030029297},"rotation":{"x":-0.4479067027568817,"y":-0.04288693144917488,"z":0.02151601016521454,"w":-0.8927919268608093},"size":57.26592254638672,"orthographic":false}