{"cameraMode":{"drawMode":0,"name":"Shaded","section":"Shading Mode"},"sceneLighting":false,"audioPlay":false,"sceneViewState":{"showFog":true,"showMaterialUpdate":false,"showSkybox":true,"showFlares":true,"showImageEffects":true,"showParticleSystems":true},"in2DMode":false,"pivot":{"x":-150.12664794921876,"y":-44.16337203979492,"z":-46.65068054199219},"rotation":{"x":-0.3120901584625244,"y":-0.005700272973626852,"z":0.0018725617555901409,"w":-0.9500335454940796},"size":177.66041564941407,"orthographic":false}