{"cameraMode":{"drawMode":0,"name":"Shaded","section":"Shading Mode"},"sceneLighting":true,"audioPlay":false,"sceneViewState":{"showFog":true,"showMaterialUpdate":false,"showSkybox":true,"showFlares":true,"showImageEffects":true,"showParticleSystems":true},"in2DMode":false,"pivot":{"x":22.09601593017578,"y":6.687858581542969,"z":-20.600513458251954},"rotation":{"x":0.15745727717876435,"y":-0.8086798787117004,"z":0.2504286766052246,"w":0.5084580779075623},"size":125.7466049194336,"orthographic":false}