{"cameraMode":{"drawMode":0,"name":"Shaded","section":"Shading Mode"},"sceneLighting":true,"audioPlay":false,"sceneViewState":{"showFog":true,"showMaterialUpdate":false,"showSkybox":true,"showFlares":true,"showImageEffects":true,"showParticleSystems":true},"in2DMode":false,"pivot":{"x":56.68101501464844,"y":19.331893920898439,"z":49.27824401855469},"rotation":{"x":-0.3723435401916504,"y":0.15537075698375703,"z":-0.06337764859199524,"w":-0.9127998352050781},"size":467.08917236328127,"orthographic":false}