{"cameraMode":{"drawMode":0,"name":"Shaded","section":"Shading Mode"},"sceneLighting":true,"audioPlay":false,"sceneViewState":{"showFog":true,"showMaterialUpdate":false,"showSkybox":true,"showFlares":true,"showImageEffects":true,"showParticleSystems":true},"in2DMode":false,"pivot":{"x":-24.940353393554689,"y":-18.414186477661134,"z":70.72279357910156},"rotation":{"x":-0.45877790451049807,"y":-0.2538338899612427,"z":0.1386062055826187,"w":-0.8401663899421692},"size":31.42861557006836,"orthographic":false}